"id","phase","view","canvas","footprint","anchor_px","layer","layer_offset_px","texture_origin","y_sort_origin","andon_kind","status"
"chart_water_a","P0","chart","128x64","1x1","64,63","ChartSea","0,0","-","-","ground (chart profile)","LOCKED"
"chart_water_b","P0","chart","128x64","1x1","64,63","ChartSea","0,0","-","-","ground (chart profile)","LOCKED"
"chart_water_c","P0","chart","128x64","1x1","64,63","ChartSea","0,0","-","-","ground (chart profile)","LOCKED"
"water_a","P0","harbour","256x128","1x1","128,127","SeaFloor","0,48","-","- (y_sort off)","ground","LOCKED"
"water_b","P0","harbour","256x128","1x1","128,127","SeaFloor","0,48","-","- (y_sort off)","ground","LOCKED"
"water_c","P0","harbour","256x128","1x1","128,127","SeaFloor","0,48","-","- (y_sort off)","ground","LOCKED"
"quay_1000","P0","harbour","256x256","1x1","128,255","SeaWorks","0,48","0,64","-48","structure 1,1","LOCKED"
"quay_0100","P0","harbour","256x256","1x1","128,255","SeaWorks","0,48","0,64","-48","structure 1,1","LOCKED"
"quay_0010","P0","harbour","256x256","1x1","128,255","SeaWorks","0,48","0,64","-48","structure 1,1","LOCKED"
"quay_0001","P0","harbour","256x256","1x1","128,255","SeaWorks","0,48","0,64","-48","structure 1,1","LOCKED"
"quay_1100","P0","harbour","256x256","1x1","128,255","SeaWorks","0,48","0,64","-48","structure 1,1","LOCKED"
"quay_0110","P0","harbour","256x256","1x1","128,255","SeaWorks","0,48","0,64","-48","structure 1,1","LOCKED"
"quay_0011","P0","harbour","256x256","1x1","128,255","SeaWorks","0,48","0,64","-48","structure 1,1","LOCKED"
"quay_1001","P0","harbour","256x256","1x1","128,255","SeaWorks","0,48","0,64","-48","structure 1,1","LOCKED"
"quay_1010","P0","harbour","256x256","1x1","128,255","SeaWorks","0,48","0,64","-48","structure 1,1","LOCKED"
"quay_0101","P0","harbour","256x256","1x1","128,255","SeaWorks","0,48","0,64","-48","structure 1,1","LOCKED"
"quay_1110","P0","harbour","256x256","1x1","128,255","SeaWorks","0,48","0,64","-48","structure 1,1","LOCKED"
"quay_0111","P0","harbour","256x256","1x1","128,255","SeaWorks","0,48","0,64","-48","structure 1,1","LOCKED"
"quay_1011","P0","harbour","256x256","1x1","128,255","SeaWorks","0,48","0,64","-48","structure 1,1","LOCKED"
"quay_1101","P0","harbour","256x256","1x1","128,255","SeaWorks","0,48","0,64","-48","structure 1,1","LOCKED"
"quay_1111","P0","harbour","256x256","1x1","128,255","SeaWorks","0,48","0,64","-48","structure 1,1","LOCKED"
"pier_UL_DR","P0","harbour","256x256","1x1","128,255","SeaWorks","0,48","0,64","-48","structure 1,1","LOCKED"
"pier_UR_DL","P0","harbour","256x256","1x1","128,255","SeaWorks","0,48","0,64","-48","structure 1,1","LOCKED"
"pier_UL","P0","harbour","256x256","1x1","128,255","SeaWorks","0,48","0,64","-48","structure 1,1","LOCKED"
"pier_UR","P0","harbour","256x256","1x1","128,255","SeaWorks","0,48","0,64","-48","structure 1,1","LOCKED"
"pier_DR","P0","harbour","256x256","1x1","128,255","SeaWorks","0,48","0,64","-48","structure 1,1","LOCKED"
"pier_DL","P0","harbour","256x256","1x1","128,255","SeaWorks","0,48","0,64","-48","structure 1,1","LOCKED"
"pier_UL_UR_DR","P0","harbour","256x256","1x1","128,255","SeaWorks","0,48","0,64","-48","structure 1,1","LOCKED"
"pier_UR_DR_DL","P0","harbour","256x256","1x1","128,255","SeaWorks","0,48","0,64","-48","structure 1,1","LOCKED"
"pier_DR_DL_UL","P0","harbour","256x256","1x1","128,255","SeaWorks","0,48","0,64","-48","structure 1,1","LOCKED"
"pier_DL_UL_UR","P0","harbour","256x256","1x1","128,255","SeaWorks","0,48","0,64","-48","structure 1,1","LOCKED"
"pier_UL_UR_DR_DL","P0","harbour","256x256","1x1","128,255","SeaWorks","0,48","0,64","-48","structure 1,1","LOCKED"
"pier_pilings_1x1","P0","harbour","256x256","1x1","128,255","SeaWorks","0,48","0,64","0","prop","LOCKED"
"chart_port_marker","P1-chart","chart","128x128","1x1 chart cell","64,95","Chart (Y-sorted)","0,0","-","0 (anchor = port point)","prop (chart profile)","LOCKED (Addendum A)"
"ship_sloop_f0..f7","P1","chart","64x64","1 cell sort point","32,50","Chart (Y-sorted)","docked +32,16","-","waterline anchor","ship (chart profile)","HELD silhouette"
"ship_sloop_wake","P1","chart","64x64","1 cell sort point","32,50","Chart (Y-sorted)","docked +32,16","-","waterline anchor","ship (chart profile)","HELD silhouette"
"ship_cutter_f0..f7","P1","chart","64x80","1 cell sort point","32,64","Chart (Y-sorted)","docked +32,16","-","waterline anchor","ship (chart profile)","HELD silhouette; hull=schooner CONFIRM"
"ship_cutter_wake","P1","chart","64x80","1 cell sort point","32,64","Chart (Y-sorted)","docked +32,16","-","waterline anchor","ship (chart profile)","HELD silhouette; hull=schooner CONFIRM"
"ship_brigantine_f0..f7","P1","chart","96x96","1 cell sort point","48,76","Chart (Y-sorted)","docked +32,16","-","waterline anchor","ship (chart profile)","HELD silhouette"
"ship_brigantine_wake","P1","chart","96x96","1 cell sort point","48,76","Chart (Y-sorted)","docked +32,16","-","waterline anchor","ship (chart profile)","HELD silhouette"
"ship_galleon_f0..f7","P1","chart","112x112","1 cell sort point","56,88","Chart (Y-sorted)","docked +32,16","-","waterline anchor","ship (chart profile)","HELD silhouette; canon-restart mesh"
"ship_galleon_wake","P1","chart","112x112","1 cell sort point","56,88","Chart (Y-sorted)","docked +32,16","-","waterline anchor","ship (chart profile)","HELD silhouette; canon-restart mesh"
"ship_man_of_war_f0..f7","P1","chart","128x128","1 cell sort point","64,100","Chart (Y-sorted)","docked +32,16","-","waterline anchor","ship (chart profile)","HELD; frigate VETO + galleon reuse rejected; new multi-deck hull needs operator go"
"ship_man_of_war_wake","P1","chart","128x128","1 cell sort point","64,100","Chart (Y-sorted)","docked +32,16","-","waterline anchor","ship (chart profile)","HELD; frigate VETO + galleon reuse rejected; new multi-deck hull needs operator go"
